username,group
charles.smith,satellite
mary.brown,satellite
james.wilson,main
susan.johnson,satellite
david.anderson,main
linda.davis,satellite
robert.hernandez,main
emily.garcia,satellite
michael.thompson,satellite
jennifer.rodriguez,main
william.martinez,satellite
jessica.gonzalez,satellite
john.lopez,main
samantha.perez,satellite
christopher.turner,main
ashley.phillips,satellite
matthew.campbell,main
amanda.parker,satellite
ryan.evans,satellite
lauren.edwards,main
steven.collins,satellite
brittany.stewart,satellite
timothy.sanchez,main
kelly.morris,satellite
kevin.rogers,satellite
michelle.reed,main
jason.cook,satellite
katherine.bailey,satellite
justin.howard,main
hannah.richardson,satellite
brandon.peterson,satellite
megan.nguyen,main
daniel.hall,satellite
tiffany.walker,satellite
brian.wright,main
stephanie.lewis,satellite
adam.carter,satellite
rachel.gomez,main
eric.green,satellite
cassandra.edwards,satellite
marcus.james,main
brenda.kim,satellite
joseph.nguyen,main
tina.baker,satellite
anthony.nguyen,main
julie.harris,satellite
thomas.kim,satellite
sarah.lee,main
alexander.pham,satellite
olivia.nelson,satellite
benjamin.lee,main
grace.mitchell,satellite
samuel.nguyen,satellite
victoria.carter,main
jacob.hernandez,satellite
vanessa.wilson,satellite
kevin.kim,main
natalie.nguyen,satellite
brandon.lee,satellite
jessica.park,main
jason.young,satellite
madison.kim,satellite
daniel.lee,main
ava.hernandez,satellite
christian.yu,main
vivian.nguyen,satellite
andrew.lee,satellite
julia.han,main
patrick.kim,satellite
emily.kim,satellite
ryan.kim,main
jocelyn.nguyen,satellite
joshua.kim,satellite
grace.lee,main
david.choi,satellite
audrey.nguyen,satellite
james.kim,main
alexandra.lee,satellite
luke.kim,main
hailey.nguyen,satellite
nathan.lee,main
abby.chen,satellite
ethan.lee,satellite
jenny.nguyen,main
steven.kim,satellite
grace.kim,main
alex.nguyen,satellite
violet.lee,satellite
eric.kim,main
sophia.kim,satellite
ryan.lee,satellite
lucy.nguyen,main
chris.kim,satellite
katherine.lee,satellite
isaac.lee,main
claire.nguyen,satellite
daniel.kim,satellite
leah.lee,main
mark.nguyen,satellite
ashley.kim,satellite
adam.lee,main
jennifer.nguyen,satellite
justin.kim,satellite
elizabeth.lee,main
peter.nguyen,satellite
rachel.kim,satellite
andrea.lee,main
john.nguyen,satellite
kaitlyn.kim,satellite
philip.lee,main
laura.nguyen,satellite
jared.kim,satellite
sara.lee,main
jake.nguyen,satellite
